0,Donald Scantling,39,77,231
1,Levi Maier,56,77,129
2,Barbara Donnelly,63,78,240
3,Dorothy Helton,47,72,229
4,Florence Smith,24,75,171
5,Erica Anyan,38,73,102
6,Norma Webster,23,75,163
7,Randell Jones,44,78,204
8,Nancy Shipman,29,63,272
9,Jessica Meyer,79,63,246
10,Susan Harrison,96,75,135
11,Ora Ahlman,54,70,117
12,Curtis Fox,72,73,101
13,Jon Edwards,97,76,112
14,Charles Shelley,34,61,230
15,Brenda Lee,76,62,173
16,Gary Rodriguez,29,62,109
17,Madeline Messina,31,65,291
18,Antoinette Scurry,33,68,295
19,James Pierson,60,68,186
20,Ismael Small,40,72,147
21,Robert Conner,80,76,272
22,Mary Owens,91,73,205
23,Raymond Pangburn,35,63,186
24,Paul Meyers,93,61,281
25,Richard Sieving,55,74,141
26,Christopher Stewart,49,70,266
27,Bruce Murray,24,69,233
28,Colleen Ferro,26,68,297
29,Ann Coleman,79,62,130
30,Steven Nielson,25,76,108
31,Margaret Raley,84,63,229
32,Brain Matthews,36,73,256
33,Kelly Cochran,61,68,108
34,Jennifer Cassidy,43,66,284
35,Melissa Arredondo,74,62,300
36,Katherine Wheat,61,61,277
37,Araceli Mcfalls,50,79,151
38,Aileen Patrone,57,75,286
39,David Shatley,21,77,166
40,John Short,87,66,144
41,Kirk Jarrell,56,65,267
42,Herlinda Nakano,28,80,287
43,Shane Villalva,45,63,243
44,Louise Hill,99,61,260
45,Dorothy Clothier,98,62,183
46,Emily Pritchett,98,64,230
47,John Conn,91,68,204
48,William Brown,35,74,243
49,Maria Franzen,74,74,285
50,Pat Baggett,66,68,284
51,Carolyn Belton,25,63,160
52,Nathan Jones,70,61,262
53,William Mcpherson,49,65,279
54,Janet Lindsey,73,67,160
55,Alejandro Dion,78,72,161
56,Donna Mcgee,96,69,299
57,James Olivas,18,77,106
58,Anna Rockett,66,75,159
59,Ruben Schafer,70,73,201
60,Curtis Mckittrick,75,74,172
61,John Friedman,47,73,281
62,Ronald Murray,57,70,129
63,Henry Gresham,90,75,246
64,Ronald Swafford,72,67,215
65,Albert King,35,67,211
66,Chris Szeto,82,63,160
67,Joshua Hayes,44,64,127
68,Sarah Sanford,27,77,290
69,Jeffrey Luce,81,75,168
70,Jon Pinkney,73,79,180
71,Karen Fiske,37,62,198
72,Sammy Nugent,90,79,106
73,Jennifer Deutsch,30,78,192
74,Nicole Bull,22,74,252
75,Priscilla Torres,97,77,283
76,Todd Miner,26,70,259
77,Lucas Garrison,29,62,122
78,William Campbell,54,68,133
79,Mary Groves,28,76,211
80,Karen Jordan,98,63,274
81,Phillip Everett,90,70,150
82,Larry Mcallister,79,80,149
83,January Richardson,48,78,273
84,Donald Hahn,35,60,199
85,Julius Balfour,97,72,199
86,James Quadnau,78,79,271
87,Robert White,84,67,245
88,Walter Wright,94,74,111
89,Jeremy Moravek,68,76,274
90,Esther Tanner,41,67,160
91,Dennis Gibbs,38,76,100
92,Robert Skinner,60,65,243
93,Michael Jourdan,71,79,161
94,Patrick Gilpatrick,44,78,270
95,Harvey Lynch,37,77,119
96,Frankie Wise,81,63,233
97,Ryan Gray,56,66,104
98,George Boykin,39,60,221
99,Jason Morris,25,63,224
100,Gwendolyn Lee,37,63,107
101,Eunice Wallace,80,63,115
102,Barbara Veile,99,75,139
103,Sidney Sloss,89,80,276
104,Shanna Sherrod,92,60,221
105,Theresa Hannon,63,71,283
106,Ruth Vanluven,51,67,225
107,Melanie Thompson,56,71,126
108,Larry Cardenas,34,60,247
109,Pauline Destefano,90,80,141
110,Pauline Martinez,32,76,295
111,Lindsay Burns,57,71,279
112,Stanley Fitzpatrick,58,60,264
113,Ellen Bowen,48,63,164
114,Daniel Diaz,43,62,298
115,Christopher Orourke,64,61,135
116,Stefanie Bagdon,36,63,259
117,Heather Cade,73,75,204
118,Elsie Ward,31,61,138
119,Vanessa Miller,45,80,221
120,Rachel Griffith,90,66,140
121,Della Sherrod,50,68,184
122,Willis Mitchell,73,74,159
123,Wallace Rhodes,82,73,278
124,Ramiro Karge,99,65,175
125,Mary White,18,67,164
126,Barbara Jefferson,55,63,147
127,Barbara Mayo,60,70,249
128,John Hodges,60,72,120
129,James Faulkner,23,79,155
130,Julia Tolman,97,78,161
131,Teri Skinner,45,80,282
132,Paul Douds,98,73,183
133,Karen Sapp,73,78,110
134,Wayne Beatty,52,71,148
135,Lawrence Raio,31,80,135
136,Carmela Jones,88,63,245
137,Nicole Phillips,89,73,182
138,Mario Balmes,89,64,199
139,Evon Walton,93,78,178
140,Christopher Moeller,86,66,292
141,Myrtle Beck,44,73,117
142,Lawrence Mcburrough,72,69,204
143,Paul Silva,78,71,236
144,Frances Giuliano,39,63,300
145,Alva Dux,60,67,243
146,Diana Manos,33,71,252
147,Daryl Fuller,98,62,229
148,Margaret Richard,51,63,138
149,Janet Spillett,28,75,121
150,Michael Brownfield,52,60,110
151,Thomas Nunes,47,79,175
152,Rashida Tinker,60,65,104
153,Jasper Stepro,18,63,141
154,Linda Allen,36,62,160
155,Barbara Middleton,93,63,263
156,Thomas Hopkins,46,61,236
157,Warren Pontiff,82,60,208
158,Angelica Bigler,48,78,233
159,Joshua Killingsworth,37,76,247
160,Gloria Mccord,22,62,196
161,Robert Patterson,76,73,116
162,Richard Martin,40,60,162
163,Bobby Durden,62,73,205
164,Alan Billingsley,97,66,245
165,Jessica Castillo,39,76,134
166,Stacy Griego,80,70,167
167,Shawn Farnham,47,64,152
168,Keri Brundage,76,60,273
169,Steve Rigby,43,65,221
170,Melissa Kee,98,72,132
171,Roger Hawkins,55,71,197
172,Mark Straley,56,71,226
173,Morris Mcelwaine,42,64,216
174,Piedad Williams,88,68,157
175,Mary Sunderland,75,77,125
176,John Daniels,49,70,289
177,Matthew Estep,93,63,145
178,Jane Mccarthy,48,62,191
179,Donald Nelms,64,71,154
180,Tim Browning,75,72,168
181,Tona Camp,51,63,215
182,Michael Perrault,86,72,283
183,Amy Seay,61,64,143
184,Robin Ardoin,48,79,117
185,Mary Porter,92,66,203
186,Steve Young,97,67,290
187,John Chavez,72,68,269
188,Barbara Miller,86,66,230
189,Joe Tanner,20,74,177
190,Diane Wilson,29,72,193
191,Laura Goggins,22,61,262
192,Edward Jones,54,78,197
193,Abraham Flowers,82,75,228
194,Leroy Russo,36,67,145
195,Robert Rogers,65,76,265
196,Bobby Rucks,47,62,109
197,Sade Soto,61,77,231
198,James Oliver,79,78,185
199,Rebekah Shankle,76,65,220
200,James Mccoy,94,64,217
201,Sammy Cartagena,75,70,131
202,Peggy Hansford,91,68,262
203,Sue Datson,23,61,170
204,Carrie Marte,71,76,118
205,Margaret Brauner,38,64,114
206,Jolynn Watts,97,76,209
207,Iris Skeens,89,72,267
208,Elizabeth Wright,24,71,131
209,Conrad Northern,69,61,245
210,John Binkley,76,76,269
211,Robert Denery,42,78,272
212,Judith Olivo,71,71,183
213,Debi Berry,44,76,110
214,Avril Fox,96,80,137
215,Frances Dalton,62,65,120
216,Gregory Snider,55,63,207
217,Lucie Reifsnyder,62,69,163
218,Roy Murray,46,63,187
219,Thomas Rhodes,64,63,226
220,Jeffrey Rodriguez,18,72,288
221,Floyd Lawson,84,73,140
222,Barbara Gonzalez,70,78,231
223,Patrick Otero,54,77,222
224,Andra Adams,55,71,150
225,Shirley Hammond,80,77,200
226,James Davis,82,76,265
227,Daryl Ortiz,63,78,154
228,Dorothy Allen,22,63,228
229,Edgar Martinez,22,62,227
230,Bernadette Jones,66,79,103
231,Vernon Cole,38,64,247
232,Jose Hennemann,62,67,240
233,Ray Williams,92,60,133
234,Paul Mcjunkins,29,66,141
235,Carmen Wimberly,88,79,113
236,Dorothy Addams,34,72,152
237,David Schlipp,78,64,259
238,Annette Allen,63,70,224
239,Richard Robinson,94,64,281
240,Dominique Vogelgesang,63,63,199
241,Walter Vineyard,27,63,234
242,Dale Holmes,74,65,198
243,Krista Garcia,49,60,193
244,John Lawson,39,76,243
245,Linette Hults,53,62,108
246,George Baker,49,80,295
247,Kayla Lord,66,76,180
248,Maria Fernando,89,80,131
249,Ben Vitiello,44,68,181
250,Sara Dupre,97,72,110
251,Lori Munoz,69,70,138
252,Kristal Miller,21,66,212
253,Julie Sauter,93,69,178
254,Nicole Hiers,53,74,197
255,Patricia Ellinger,97,79,177
256,Floyd Hays,58,80,186
257,Hattie Herman,98,71,158
258,Phillip Chernoff,100,63,146
259,Anibal Lopez,64,71,177
260,Fredrick Howse,89,60,275
261,Robert Ziebarth,68,75,131
262,Diego Alexader,45,70,108
263,Laura Freeman,41,68,160
264,Cornelia Reinking,20,65,176
265,Delores Young,57,67,294
266,Erica Brixey,23,75,295
267,Angela Stephens,31,68,102
268,Fredrick Archila,49,78,208
269,Brian Hensley,69,68,200
270,Martha Mosteller,50,75,276
271,Loyd Gaccione,82,74,231
272,Sandra Sands,74,61,114
273,Clara Williams,34,79,246
274,James Smith,25,75,132
275,Ralph Brock,42,74,255
276,Michael Macy,91,69,165
277,Jo Douglas,38,61,120
278,Rodrick Wahid,93,66,263
279,Thomas Edlin,61,79,249
280,Marilyn Mcduffie,90,71,176
281,Clarice Reed,75,79,201
282,Micheal Pellegrino,50,79,150
283,Jonathan Leffew,39,66,193
284,Nelson Oestreich,19,73,117
285,Adam Linkous,60,63,193
286,Heather Davis,34,79,219
287,Tina Scalf,28,77,177
288,Desmond Deerman,49,61,226
289,Julia Sykes,73,79,163
290,Donna Rangel,52,60,134
291,Robert Mclean,78,64,112
292,Gary Rodrigues,100,80,112
293,David Carmody,22,68,291
294,Elizabeth Patton,30,61,190
295,Tom Decosta,24,80,290
296,Katie Donnelly,95,77,179
297,Stephanie Waitman,41,61,187
298,Manda Hormell,83,60,225
299,Clarence Belcher,33,70,194
300,Alison Mortimer,20,74,278
301,Michael Smith,36,61,137
302,Lee Hagler,28,73,117
303,John Mccoy,90,68,139
304,Lillian Steichen,43,64,115
305,Leda Buchanan,76,76,226
306,David Wiedenheft,51,70,262
307,Tracy Heiden,23,80,146
308,Lillian Boyd,28,63,276
309,Suzanne Ramsey,29,73,170
310,Elizabeth Nordes,26,76,212
311,Brenda Cox,45,74,266
312,Natasha Wischmeyer,71,63,284
313,Shelby Martinez,67,76,284
314,Jay Pearson,24,73,203
315,Patrick Pate,98,67,231
316,Alyssa Mcelreavy,88,75,102
317,Jerry Johnson,48,79,253
318,Jared Hamilton,40,66,282
319,Andrew Baisch,61,79,174
320,Patrick Ditmars,23,79,136
321,Debora Molina,35,65,299
322,Flora Chance,18,63,295
323,Thomas Dawson,52,61,186
324,Glen Walker,76,60,280
325,Helen Shroyer,93,77,270
326,Dale Pollack,89,68,111
327,Jean Myers,37,76,281
328,Ann Nay,30,64,182
329,Gina Munn,88,60,135
330,Page Smith,41,72,191
331,Nancy Tidwell,54,68,245
332,Robert Peters,61,78,146
333,Billie Bates,73,72,133
334,Joshua Hankins,39,61,139
335,Michael Wright,97,77,117
336,Kristy Fernandez,35,66,119
337,Robert Colantuono,34,61,186
338,Angel Paul,40,80,223
339,Maria Davis,80,77,170
340,Dale Delorenzo,33,66,251
341,Gary Tovar,51,71,112
342,Kenneth Tepper,41,71,220
343,Robert Brown,60,65,259
344,James Dyer,43,69,252
345,Minnie Fritts,34,67,130
346,Caroline Mosley,88,72,277
347,Dolores Straton,34,70,275
348,Donna Harvey,61,67,120
349,Justin Phelps,50,66,126
350,Micheal Jones,81,77,101
351,Nicholas Grimes,86,65,207
352,Derrick Tina,35,69,270
353,Patricia Trice,26,66,273
354,Michael Austin,37,64,299
355,Richard Charron,82,69,283
356,Della Green,92,67,129
357,Karen Landry,25,70,265
358,Linda Northup,33,63,214
359,Stephanie Williams,35,69,101
360,Marjorie Lentz,51,71,267
361,Nancy Garret,27,77,140
362,Michael Bolden,55,70,184
363,Jose Gonzalez,94,74,197
364,Joseph Duarte,30,63,108
365,Timothy Thomson,51,64,241
366,Lynn Chavez,25,66,267
367,Beverly Garza,28,75,226
368,Hattie Spain,74,65,264
369,Kandice Broderick,33,75,205
370,Ramiro Hoeft,18,76,202
371,Mary Robles,61,65,114
372,Rita Mccann,87,70,218
373,Jacqueline Pope,29,66,272
374,Diana Best,95,62,240
375,Tamara Porter,42,71,231
376,Ashleigh Hall,23,80,130
377,Roseann Flicker,74,70,267
378,Adrian Watson,79,76,208
379,Paul Boyce,58,78,207
380,Joseph Martinez,85,73,293
381,Ryan Ward,76,74,293
382,Mary Blackburn,41,70,178
383,Elizabeth Geidl,31,74,262
384,Agnes Noeldner,54,65,268
385,Charles Bourne,100,61,261
386,Aurora Baker,31,75,114
387,Michael Morris,27,79,243
388,Derrick Ran,47,64,259
389,Claudia Tijerina,47,67,166
390,Roger Wilkerson,56,76,240
391,Jeremy Valenzuela,68,72,148
392,James Decoteau,80,68,253
393,Henrietta Paletta,37,62,281
394,Jennifer Hirsh,44,68,297
395,Leo Tran,23,72,188
396,Danielle Brown,98,78,147
397,Ellen Brandt,23,72,247
398,Dennis Fulker,42,64,155
399,Mary Mclain,34,72,245
400,Sean Pallan,59,74,292
401,Linda Spellman,93,64,106
402,Monroe Vanburen,38,79,202
403,Robbie Sumner,39,75,184
404,Katherine Gearhart,60,65,206
405,Georgia Oles,67,73,282
406,Kathleen Johnson,33,74,246
407,Shirley King,28,66,105
408,Marshall Leitch,53,75,228
409,Sophie Kreitzer,63,65,265
410,William Alfaro,67,63,187
411,Kathleen Martinez,38,75,296
412,Adrienne Pruitt,25,79,174
413,Randy Mcclanahan,93,79,127
414,Olga Williams,57,70,194
415,David Weller,82,64,289
416,Miriam Dennis,56,75,138
417,Sylvester Lewis,93,73,155
418,Rachel Whittenburg,74,66,213
419,Sybil Silver,53,79,173
420,Ted Stanley,46,78,292
421,Jeanette Gilbert,73,80,263
422,Thomas Pena,53,76,162
423,Courtney Combs,84,70,242
424,Paul Gumm,68,60,159
425,Michael Mager,20,79,183
426,Matthew Nock,64,75,187
427,Anna Thomas,79,64,231
428,Herbert Hunter,76,64,300
429,Zena Yancey,87,72,291
430,Sheila Keane,34,61,150
431,Angela Thompson,34,72,196
432,Alberta Snyder,69,61,139
433,Marcus James,76,79,203
434,Larry Sims,56,62,144
435,Duane Orr,82,80,205
436,Jonathan Crawford,45,63,222
437,Thomas Girton,47,79,185
438,Robert Jones,28,65,179
439,Mark Mcmaster,40,68,199
440,Kathleen Jusino,52,71,217
441,Joyce Hobby,69,75,136
442,John Huffman,41,66,261
443,Chrystal Dillard,21,67,113
444,Eva Webley,48,75,253
445,Maricela Johnson,34,79,212
446,Delphine Wrye,47,73,180
447,Darlene Knapchuck,96,64,136
448,Madeline Mcanulty,21,66,270
449,Margaret Sand,94,72,297
450,Christy Hamilton,73,68,262
451,Bob Dickert,70,75,135
452,Ron Campbell,19,63,178
453,Rachelle Fremont,42,74,256
454,Janet Singh,59,62,118
455,Rosalina Ferebee,81,61,220
456,Justin Lott,44,63,194
457,Allison Salley,31,76,215
458,Vickie Buchmann,86,72,276
459,Tina Rodriguez,70,71,182
460,Jeffrey Rogers,20,78,171
461,Donald Abeles,74,73,182
462,Jodi Rodriques,80,75,235
463,Edward Snowden,40,67,103
464,Thomas Kaiser,60,79,121
465,Jeanette Harper,21,72,172
466,Rick Sandstrom,71,60,185
467,Rosemary Jones,72,76,102
468,James Sullivan,64,72,278
469,Carol Perales,82,60,128
470,Douglas Wilson,65,74,147
471,Anna Schwab,72,80,220
472,Joe Womack,52,78,172
473,Brenda Marrufo,59,69,207
474,Robert Brown,78,65,194
475,Thomas Chappell,99,79,174
476,Peter Smith,52,61,117
477,Debra Keyes,96,70,268
478,Susan Bryant,44,63,188
479,Joan Bailey,95,64,137
480,Micheal Dean,87,63,129
481,Walter Deluna,45,72,292
482,John Balch,67,73,175
483,Isaiah Cleek,41,61,233
484,Walter Albrecht,81,62,118
485,Steven Phillips,56,70,178
486,William Nichols,56,72,279
487,Walter Shaw,35,61,199
488,Judith Linkous,34,61,235
489,Mark Knight,66,71,134
490,Tamara Ballance,53,79,220
491,Jessie Massengale,28,71,225
492,Robert Macomber,72,74,208
493,Kent Fraser,38,77,131
494,Theresa Mount,19,74,238
495,Stephen Sinclair,87,75,299
496,Teresa Harrison,65,67,180
497,Jeannette Bartlett,74,74,131
498,Tammy Farmer,74,71,215
499,Rodney Wright,75,70,277
500,Saul Perryman,40,77,122
501,Jean Terry,37,62,149
502,Donette Cathey,79,67,225
503,Manuel Cortez,87,67,252
504,Johnny Bischoff,80,63,200
505,Byron Chapman,73,65,158
506,Hildegarde Lane,58,79,238
507,John Brashear,38,79,107
508,Carolyn Baker,86,66,133
509,Brigette James,96,66,148
510,Ray Kramer,33,63,299
511,Maurice Lee,66,70,150
512,Johnnie Null,90,69,230
513,Sarah Hayes,96,71,297
514,Helen Higginbotham,79,76,193
515,Ingrid Taylor,25,71,149
516,Dorothy Wood,30,70,161
517,Eric King,91,75,279
518,Jack Ziebarth,51,73,132
519,Kyle Brown,29,70,215
520,Robert Medlock,58,75,220
521,Jeanette Warrington,98,72,128
522,Dustin Stokes,80,73,201
523,Clifton Millar,19,75,260
524,Ronnie Redfern,48,63,137
525,Kenneth Langley,22,69,282
526,Tarah Dennis,44,71,255
527,Faye Hampshire,61,72,249
528,Devon Groves,57,79,199
529,Thomas Morgan,42,61,242
530,Debbie Ross,47,61,141
531,Ray Courtwright,75,74,292
532,Denise Laws,62,70,297
533,Jeff Decamp,27,66,214
534,Marilyn Alcazar,96,70,250
535,Lois Nance,55,63,254
536,Helena Dodd,61,67,116
537,Henry Wolfe,94,65,186
538,Ashley Langdale,67,70,262
539,John Roseberry,60,79,246
540,Yvonne Guastella,36,61,183
541,John Wolfe,53,80,189
542,John Ford,20,71,230
543,Kathryn Parks,79,67,119
544,Michael Moses,84,60,227
545,Annie Alo,95,63,201
546,Kenneth Allen,51,80,298
547,Dana Andersen,29,64,121
548,Gary Feller,46,68,252
549,Lorraine Jernigan,36,78,217
550,David Sisson,70,64,103
551,Mark Small,70,65,143
552,Armando Meissner,33,71,255
553,Peter Barker,37,74,163
554,Donald Sharp,95,67,178
555,Linda Morales,98,68,188
556,Geraldine Marler,65,64,171
557,Marie Cook,20,60,175
558,Robert Mcmichael,22,67,231
559,Tonya Conner,45,80,266
560,Clara Carnevale,58,65,152
561,Jorge Strohmayer,80,71,245
562,Raymond Williams,94,78,273
563,James Haught,89,79,203
564,Susan Diaz,90,72,295
565,Elise Sanders,43,62,232
566,Jacquelyn Cornelius,40,64,236
567,Paul Lehmann,96,69,267
568,Delores Durant,21,72,144
569,Stephen Perkins,57,62,230
570,Jose Fredrickson,89,60,235
571,Eric Early,55,67,196
572,Maria Valenti,27,71,149
573,Margaret Bennett,67,61,296
574,Ann Koewler,60,61,213
575,Maria Russell,94,77,130
576,Ray Gummer,41,69,266
577,Matt Edwards,48,79,258
578,Jacquelyn Sanfilippo,50,65,171
579,Jennifer Cortez,74,63,261
580,Teresa Hardison,48,65,206
581,Diane Arrington,37,73,226
582,Kenneth Macdonald,96,76,126
583,Ronald Westling,24,65,203
584,Robin Cline,41,79,280
585,Elton Craig,35,69,119
586,Steven Foster,82,73,185
587,Michael Hopton,80,65,148
588,Larry Castillo,23,79,202
589,Leonora Martin,87,69,144
590,Donald Stall,35,66,188
591,Maxine Appel,72,76,128
592,Patricia Garza,68,65,228
593,Rafael Turner,91,61,188
594,Lamar Higgins,68,66,249
595,Albert Kuntz,36,76,226
596,Nancy Regan,66,67,257
597,Nicholas Irvin,68,77,235
598,Scott Brown,52,75,213
599,Jose Sheahan,66,65,201
600,Michelle Galizia,61,69,135
601,Jeffrey Mckinney,27,66,257
602,Barbara Lopez,28,76,296
603,Raymond Parpan,25,79,269
604,Al Carodine,22,70,198
605,Randal Box,68,68,285
606,Frances Shelby,31,66,282
607,Don Taylor,23,72,185
608,Jennifer Tinney,22,67,216
609,Melanie Gordon,68,76,255
610,Natasha Weekes,34,70,197
611,Marlene Fouch,78,61,113
612,Sarah Cayer,39,65,221
613,Barbara Williams,57,64,155
614,Kylie Owens,72,67,128
615,John Smith,78,63,296
616,John Nettles,69,77,199
617,Joey Robinson,41,67,175
618,Michael Commodore,100,79,162
619,Diana Kight,94,61,151
620,Cynthia Keener,34,67,141
621,Ann Oneal,38,70,109
622,Richard Richardson,46,76,277
623,Dawn Betts,45,71,238
624,Christopher Harp,81,69,266
625,Marco Winks,70,68,232
626,Christopher Krizan,44,73,286
627,Paul Miller,95,71,279
628,Larry Bowlin,98,67,280
629,Caroline Madaras,33,70,276
630,Dale Matthews,31,61,109
631,Mary Rosado,40,72,197
632,Jasmine Wooley,21,64,127
633,Bobby Bradley,28,60,118
634,Sheryl Moreno,21,80,236
635,Deanna Sylvester,94,78,173
636,Joe Spaid,96,63,151
637,Daniel Moses,49,67,265
638,Vera Resendiz,27,75,178
639,Jimmy Porter,54,80,191
640,Robert Camper,28,76,186
641,Vaughn Yost,46,60,241
642,Alice Scott,70,68,133
643,Camille Miles,46,80,284
644,Dwayne Ruis,100,70,169
645,Quinton Dupuis,99,78,264
646,Foster Esterly,87,72,200
647,Chad Landers,61,62,110
648,Jasmin Semmes,34,66,266
649,Michelle Scheulen,40,70,185
650,Peter Johnston,56,69,190
651,Annie Watkins,75,62,235
652,Jim Puffer,98,69,170
653,Julia Smith,70,72,191
654,Mary Peterman,69,68,131
655,Deanna Farkas,23,66,116
656,Andrew Davis,99,74,251
657,Lauri Bickel,86,69,113
658,Eleonor Kuntz,24,74,260
659,Jeffrey Larrick,48,80,267
660,Robert Couture,69,68,150
661,Ida Garhart,83,80,110
662,Denise Cook,72,70,268
663,John Lopez,60,73,199
664,Dennis Hawthorne,66,64,251
665,Pauline Arnold,54,75,174
666,Charles Cole,68,68,209
667,Lee James,96,65,200
668,Mary Younker,59,73,291
669,Roland Ice,59,60,143
670,Larry Barnett,52,63,180
671,Leona Stewart,73,80,232
672,Donald Brown,86,75,137
673,Melissa Mccoy,79,74,129
674,Roy Hack,41,75,298
675,Frank Uson,56,76,106
676,Christopher Robertson,75,66,169
677,Nancy Flores,63,72,214
678,Jorge Mckinney,92,66,162
679,Ray Ohta,55,60,285
680,Constance Magee,89,72,223
681,Robert Colvard,61,67,193
682,Karen Gouldman,46,75,245
683,Thomas Bolton,23,60,259
684,Chantelle Hamm,84,62,188
685,Williemae Riebau,73,78,136
686,Paula Carpenter,40,69,282
687,Pearl Seal,72,68,291
688,Vivian Duncan,92,63,105
689,Michael Huston,43,61,276
690,Roberta Warfield,59,73,150
691,Ann Mermis,91,75,123
692,Damian Heinz,43,76,245
693,Ruth Berner,47,79,234
694,Lydia Flores,65,78,108
695,Richard Callaghan,98,62,279
696,Thomas Nabors,58,74,249
697,Carrie Lyons,19,61,105
698,Harley Auker,28,69,211
699,Betty Chi,27,73,225
700,Stephen Mcgrath,86,66,175
701,William Lang,80,69,282
702,Lance Watkins,36,63,155
703,Lisa Mayfield,93,80,101
704,Angel Hullett,20,77,287
705,Kayla Bilodeau,56,80,203
706,Christina Vanslyke,23,63,250
707,Beverly Masin,92,62,245
708,Howard Saleado,82,77,202
709,Loretta Fountain,73,66,111
710,Roberta Wilson,26,62,261
711,Lillian Burns,44,61,126
712,Charlotte Villa,93,79,238
713,Lisa Rumley,59,79,202
714,Robert Felix,89,69,300
715,James Marcella,80,68,137
716,Toni Kellison,60,65,193
717,Donald Contreras,46,71,195
718,Mary Ferreira,25,71,103
719,Carl Patterson,76,72,246
720,Juan Morris,22,62,173
721,Fred Merritt,22,66,139
722,Bradley Oller,66,67,262
723,Janet Hall,96,65,261
724,Caroline Costello,32,67,286
725,Brian Folger,29,65,185
726,Chelsea Sanchez,96,74,174
727,Porter Pike,81,68,127
728,Ron Nichols,50,65,128
729,Virginia James,87,67,233
730,Jerry Rieves,64,74,295
731,Randall Bambeck,62,73,294
732,Diana Campbell,73,69,240
733,Coleen Abraham,40,68,294
734,Elizabeth Stewart,36,60,242
735,Joseph Johnson,36,67,189
736,Walter Gross,78,73,290
737,Terry Lewandowski,49,72,262
738,Shawn Chagoya,94,79,187
739,Laura Hernandez,76,62,219
740,Gretta Yancy,20,65,223
741,Carla Reed,95,74,106
742,Juanita Wilkerson,72,64,277
743,Kristen Pate,20,73,217
744,Yukiko Bissonnette,24,68,135
745,Ashley Saxton,66,60,157
746,Matthew Fuger,86,60,200
747,Elizabeth Gibson,67,67,163
748,Elizabeth Garvin,23,63,102
749,Nicole Hudgins,33,62,149
750,James Jackson,36,75,112
751,Andrew Garrick,40,78,101
752,Rachel Eftekhari,41,66,192
753,James Ravenell,52,73,255
754,Patrick Doyle,30,75,256
755,Susan Foster,68,77,207
756,Kathlene Eller,64,73,197
757,David Rollag,59,64,223
758,Brian Boone,28,78,246
759,Gordon Whaley,95,65,119
760,Joe Hall,67,63,203
761,Sarah Bouchard,34,77,230
762,Willie Olsen,78,68,295
763,Lawrence Matlock,97,64,191
764,Jesse Hardt,33,69,144
765,Quinton Cook,55,71,172
766,Frank Gregg,48,64,283
767,Annie Martinez,77,76,199
768,Wanda Bailey,22,65,186
769,Ruth Mortenson,24,78,228
770,Joseph Burgos,96,66,148
771,Sheena Roundtree,54,74,231
772,Herbert Grant,38,72,183
773,Vickie Williamson,95,72,106
774,Sylvia Gamez,40,64,284
775,Timothy Mitchell,44,80,144
776,William Gibson,81,69,189
777,David Alexander,64,71,196
778,Claudia Kendall,95,61,128
779,Marilynn Hixson,29,66,218
780,Barbara Flores,88,72,250
781,Gloria Simon,52,80,151
782,Terence Gazaille,79,75,298
783,Francis Emerson,29,79,118
784,Judy Cruz,94,64,124
785,Carlos Fair,76,74,257
786,Christopher Hart,80,78,227
787,Amber Piper,37,76,251
788,Teresa Bryan,40,62,233
789,Sharon Widrick,91,64,166
790,Vivian Patton,96,74,229
791,Michelle White,78,78,240
792,Sarah Domingues,18,79,198
793,Maria Schinkel,46,68,300
794,John Stewart,97,65,229
795,Barbara Bittner,59,63,221
796,Ada Beard,41,75,180
797,Susan Wagner,43,67,142
798,Dora Hutchins,85,63,146
799,Robert Straton,85,69,180
800,Sonja Mars,35,66,112
801,Myrtle Boozer,37,62,167
802,Victor Cardona,82,75,120
803,Chris Stanton,20,71,174
804,Andrew Flores,64,75,278
805,Sam Person,22,64,114
806,Patsy Randell,83,73,117
807,James Smart,49,63,292
808,Richard Tenorio,74,76,214
809,Cheryl Hardin,26,78,191
810,James Wood,63,61,262
811,Carolyn Bryant,73,74,192
812,Bryan Lyon,75,78,146
813,Vivian Chavez,55,75,218
814,Elizabeth Hodges,100,65,129
815,Gerald Mccloskey,73,67,207
816,Cindy Brewer,37,61,119
817,Mary Swanson,87,67,199
818,Robert Dobbs,18,65,104
819,Wade Smoke,64,71,269
820,Carolyn Carrillo,74,60,283
821,Walter Smith,43,79,211
822,Robert Lamantia,94,71,254
823,Monica Hostetler,20,71,248
824,Grace Hampton,78,71,172
825,Stella Briley,37,62,193
826,William Bechtel,22,66,110
827,Iris Bettis,90,64,279
828,Carol Cooper,18,74,259
829,Robert Jackson,55,65,136
830,Renee Olguin,54,65,143
831,Alice Borrego,38,75,164
832,Maureen Campbell,93,60,173
833,Carmen Bledsoe,93,80,112
834,Robert Conway,70,63,132
835,Mary Richardson,76,68,282
836,Matthew Williams,52,70,230
837,Timothy Byrd,18,66,136
838,Nadia Page,69,74,110
839,Melissa Johnson,88,76,179
840,Jackie Mrowka,22,66,163
841,Jamie Abnet,24,80,125
842,Kimbra Hubbard,60,66,156
843,Robert Donald,44,63,216
844,Tina Dabadie,66,70,287
845,Larry Cooper,52,67,196
846,Jackie Wessells,67,80,230
847,Patricia Litteral,63,62,220
848,Adam Harding,58,65,244
849,Christine Coello,35,61,183
850,Richard Twiggs,94,67,220
851,Donald Phillips,94,75,243
852,Floyd Angelilli,54,77,131
853,Lois Easton,80,67,186
854,Marcelina Steib,79,63,190
855,Daniel Schmit,60,71,114
856,Jamie Jones,47,71,202
857,Margarita House,91,62,191
858,Beverly Veilleux,60,75,125
859,Allen Yeakley,98,78,118
860,Gertrude Oliva,92,70,254
861,Sonya Davidson,62,66,225
862,Wayne Landry,61,80,142
863,Dorothy Perez,31,66,224
864,Isaac Deckman,89,71,177
865,Greta Turman,81,80,130
866,Bradley Mao,92,76,300
867,Jonathon Gholston,42,72,173
868,Parker Schaffner,72,79,277
869,Jackie Hodges,89,66,297
870,Terri Ainley,91,62,142
871,Patricia Griffin,18,64,271
872,Carl Kaeo,85,66,167
873,Diane Wolf,94,76,269
874,Olga Peterson,58,76,233
875,Chelsea Spieth,40,67,193
876,Gloria Wall,71,74,141
877,Charles Washington,46,62,107
878,Dwayne Butts,71,77,193
879,Naomi Mcghee,89,73,250
880,William Mitchell,75,61,120
881,Junie Johnson,67,73,257
882,Matthew Crisp,61,70,286
883,Grace Strickland,25,73,107
884,Kathleen Rambo,93,75,279
885,Nina Cross,60,62,226
886,Kelly Zody,74,67,130
887,Gertrude Arnold,29,79,191
888,Arnold Fahrlander,27,60,140
889,Tammy Cauthon,82,62,103
890,Tommy Smith,47,78,101
891,Mildred Alston,45,64,201
892,Heather Penrod,73,66,150
893,Manuel Homes,71,75,276
894,Gaylord Collins,24,64,236
895,Yolanda Croes,86,76,152
896,Christine Stutzman,20,62,265
897,Corinne Pound,94,66,264
898,Mary Giambra,28,79,151
899,Christopher Clark,39,71,294
900,Jason Smith,94,72,102
901,Randall Malsam,41,66,127
902,Margaret Law,98,77,156
903,Doug Pickles,24,70,144
904,June Vigil,71,72,288
905,Carmen Maxham,26,68,272
906,Angelita Cole,64,69,159
907,Cedric Leggett,75,70,127
908,Edith Dillon,78,76,220
909,Mary Constable,99,65,277
910,Mary Durham,93,61,144
911,Michael Sapp,62,61,243
912,Gladys Pierce,39,61,216
913,Amelia Joyce,19,77,231
914,Jo Mcrae,95,74,187
915,Patrick Dahms,50,71,218
916,Natalie Holland,93,78,141
917,Clarissa Manzone,26,60,227
918,Derek Odell,100,72,146
919,Larry Ervin,41,77,196
920,Priscilla Jones,58,66,134
921,Michael Alexander,57,76,204
922,John Chunn,46,68,297
923,Betty Abram,72,67,269
924,Jason Hinton,40,77,133
925,Jewel Cuomo,32,74,188
926,Russell Baker,44,74,239
927,Lawana Brackett,34,68,203
928,Kevin Jones,94,80,224
929,Mary Lawrence,42,60,157
930,Elvira Nelson,90,70,135
931,Jennifer Parlato,64,74,196
932,Oscar Case,65,75,151
933,Helena Harris,62,63,134
934,William Valerio,22,67,263
935,Ronald Roper,18,74,168
936,Michell Caldwell,52,75,261
937,Larry Haines,70,78,187
938,Douglas Lancaster,25,60,255
939,Cole Cole,57,76,147
940,Jonathan Barlow,35,77,106
941,Vivan Britt,93,77,140
942,John Dahl,88,74,230
943,Tracy Tulloch,21,67,300
944,Lisa Aguirre,34,69,149
945,Jennifer Ouimet,98,67,293
946,Bobby Doyle,32,75,145
947,Doyle Orr,49,63,131
948,Chester Chantler,53,70,237
949,Reed Spence,76,66,271
950,Raymond Johnson,21,72,235
951,Matthew Wang,98,71,254
952,Hector Killian,34,71,107
953,Louie Johnston,69,70,283
954,Catherine Vargas,97,78,257
955,Jennifer Velasquez,89,78,103
956,Mark Allison,91,65,233
957,Joyce Edmonds,100,74,258
958,Geneva Munoz,66,76,269
959,Ingrid Green,74,62,124
960,Jason Nealon,18,61,156
961,Tyron Foret,20,73,120
962,Bessie Westbrook,51,68,116
963,James Schmitz,56,60,128
964,Christina Krause,44,67,150
965,Miguel Bednarz,33,69,207
966,Sergio Phang,86,76,144
967,Paul Buckley,79,60,176
968,Ramon Moncrief,67,76,297
969,Robert Gooden,96,72,219
970,Corie Gunn,99,76,251
971,Sean Cox,31,79,251
972,Emma Duncan,18,73,156
973,Robert Leonard,91,73,105
974,Shawn Khan,21,68,149
975,Sheryl Molacek,42,61,202
976,Theresa Cohen,35,66,119
977,Angela Meraz,35,74,225
978,Oscar Munoz,75,70,246
979,Michael Townsend,80,79,197
980,Kimberly Olson,82,70,257
981,Gary Parnell,86,76,119
982,Joey Brazee,20,62,285
983,David Cummins,92,65,171
984,Howard Ruffin,65,80,288
985,Antoinette Jordan,81,78,158
986,Lucille Carney,55,64,196
987,Norman Aguilar,49,79,270
988,Ruby Bila,38,75,257
989,Chad Jones,31,64,221
990,Michelle Knowles,96,60,217
991,Jeffrey West,97,79,200
992,Michael Greene,84,72,110
993,William Hart,44,63,105
994,Tammy Shah,71,63,114
995,Robert Solem,82,71,297
996,Thomas Bertsch,67,61,140
997,Barbara Foye,54,73,290
998,Kristy Ma,73,76,234
999,Steven Fann,51,78,115
